"Model","Description","WAIC","RMSE","Slope"
"cit_0","Indoor temp",2090.28898040916,2.71363138340092,0.972650180929992
"avg_sat_0","Sat mean temp",1993.14072665594,2.42623883067339,1.12954044535011
"min_sat_0","Sat min temp",2000.78836780847,2.4492843658829,1.25453412289296
"max_sat_0","Sat max temp",2085.77470065204,2.70315032453955,0.987582016090248
