"Model","WAIC","MLIK"
"cit_0",2090.28898040916,-1054.22182876888
"avg_sat_0",1993.14072665594,-1005.85433348035
"min_sat_0",2000.78836780847,-1009.82450760969
"max_sat_0",2085.77470065204,-1052.54360394966
