"eip_model","mean_EIP_satellite","EIP_simulated","EIP_observed","overest_vs_sim","overest_vs_obs"
"Degree-day",11.2226963736468,8.36239034686336,8.5104848982355,2.8603060267834,2.71221147541126
"Brière",16.0930226476129,11.7604865879686,12.1060367641004,4.33253605964428,3.98698588351245
"mSOS",11.5517623222456,9.44714542870387,9.69209939564963,2.10461689354174,1.85966292659598
